video,start_time,end_time,name
Blackmagic HyperDeck Studio Mini_0000.mp4,00:00,03:53,001_pgm
Blackmagic HyperDeck Studio Mini_0000.mp4,15:22,19:37,005_pgm
Blackmagic HyperDeck Studio Mini_0000.mp4,23:28,25:10,010_011_012_pgm_WU
Blackmagic HyperDeck Studio Mini_0001.mp4,10:53,13:47,010_pgm
Blackmagic HyperDeck Studio Mini_0001.mp4,14:18,18:17,011_pgm
Blackmagic HyperDeck Studio Mini_0001.mp4,18:21,21:28,012_pgm
Blackmagic HyperDeck Studio Mini_0001.mp4,25:39,28:55,013_pgm
Blackmagic HyperDeck Studio Mini_0001.mp4,40:09,43:35,017_pgm
Blackmagic HyperDeck Studio Mini_0001.mp4,46:55,50:33,019_020_021_pgm_WU
Blackmagic HyperDeck Studio Mini_0001.mp4,50:50,54:13,019_pgm
Blackmagic HyperDeck Studio Mini_0001.mp4,54:14,57:18,020_pgm
Blackmagic HyperDeck Studio Mini_0001.mp4,57:21,1:01:48,021_pgm
Blackmagic HyperDeck Studio Mini_0001.mp4,1:01:36,1:08:43,024_pgm
Blackmagic HyperDeck Studio Mini_0001.mp4,1:31:11,1:35:04,026_027_030_pgm_WU
Blackmagic HyperDeck Studio Mini_0001.mp4,1:39:22,1:44:07,026_pgm
Blackmagic HyperDeck Studio Mini_0001.mp4,1:44:08,1:48:47,027_pgm
Blackmagic HyperDeck Studio Mini_0001.mp4,1:57:59,2:02:12,030_pgm
Blackmagic HyperDeck Studio Mini_0001.mp4,2:02:21,2:06:21,031_pgm
Blackmagic HyperDeck Studio Mini_0001.mp4,2:06:32,2:11:40,032_pgm
Blackmagic HyperDeck Studio Mini_0001.mp4,2:11:41,2:14:41,035_038_pgm_WU
Blackmagic HyperDeck Studio Mini_0001.mp4,2:24:19,2:28:25,035_pgm
Blackmagic HyperDeck Studio Mini_0001.mp4,2:32: 37,2:37:15,038_pgm
Blackmagic HyperDeck Studio Mini_0001.mp4,2:37:17,2:40:17,041_042_043_pgm_WU
Blackmagic HyperDeck Studio Mini_0001.mp4,2:46:19,2:50:28,041_pgm
Blackmagic HyperDeck Studio Mini_0001.mp4,2:50:30,2:54:36,042_pgm
Blackmagic HyperDeck Studio Mini_0001.mp4,2:54:40,2:55:58,043_pgm
,,,046_pgm
,,,049_pgm
,,,054_pgm
,,,055_pgm
,,,058_pgm
,,,060_pgm
,,,061_pgm
,,,064_pgm
,,,065_pgm
,,,068_pgm
,,,069_pgm
,,,070_pgm
,,,072_pgm
,,,078_pgm
